{"cameraMode":{"drawMode":0,"name":"Shaded","section":"Shading Mode"},"sceneLighting":true,"audioPlay":false,"sceneViewState":{"showFog":true,"showMaterialUpdate":true,"showSkybox":true,"showFlares":true,"showImageEffects":true,"showParticleSystems":true},"in2DMode":false,"pivot":{"x":3.4256863594055177,"y":-14.11820125579834,"z":-1.732660174369812},"rotation":{"x":0.001002245582640171,"y":0.8251563906669617,"z":-0.5649014711380005,"w":0.0014976318925619126},"size":62.47198486328125,"orthographic":false}